titile,company,location,link
"Senior Automated Tester - Robot Framework, Python, Selenium (Senior, Remote)",TopDevz,No office location,https://stackoverflow.com/jobs/374251
Upp - Frontend Developer - Series A Retail Startup - £60-70k + bonus (React),Upp - retail startupviaConfido Talent,"London, UK",https://stackoverflow.com/jobs/374256
Java Software Engineer,JP Morgan Chase,"Columbus, OH",https://stackoverflow.com/jobs/374255
Back-end Engineer,TAIGER Spain,"Segovia, Spain",https://stackoverflow.com/jobs/341624
(Senior) DevOps Engineer (m/f/d) in Berlin,Verimi GmbH,"Berlin, Germany",https://stackoverflow.com/jobs/301069
Web Developer Frontend/Backend (m/f/d),"The Helmholtz-Zentrum Geesthacht, Centre for Materials and Coastal Research (HZG)","Geesthacht, Deutschland",https://stackoverflow.com/jobs/365039
Frontend developer with Product mindset,Codecool,"Budapest, Hungary",https://stackoverflow.com/jobs/374250
DevOps/SRE,JP Morgan Chase,"Herzliya, Israel",https://stackoverflow.com/jobs/374249
Backend Developer - work with A-Level engineers (f/m/x),Parkside Informationstechnologie GmbH,"Graz, Österreich",https://stackoverflow.com/jobs/341615
Full Stack Software Engineer,JP Morgan Chase,"Jersey City, NJ",https://stackoverflow.com/jobs/374245
DBA PostgreSQL (H/F),Vision 2 Action SA,"Martigny, Switzerland",https://stackoverflow.com/jobs/374241
Experienced Big Data DevOps,Kindred Group,"Stockholm, Sweden",https://stackoverflow.com/jobs/374239
"Engineering Manager, People AI",Facebook,"Zürich, Switzerland",https://stackoverflow.com/jobs/359001
"Data Engineering Manager, Analytics (Commerce Platform)",Facebook,"New York, NY",https://stackoverflow.com/jobs/371084
"Data Engineering Manager, Community Integrity",Facebook,"London, UK",https://stackoverflow.com/jobs/353932
Image Quality & Optical Test Engineer,Facebook,"Redmond, WA",https://stackoverflow.com/jobs/353926
"Data Engineering Manager, Analytics (Messenger)",Facebook,"Menlo Park, CA",https://stackoverflow.com/jobs/370916
Mid-level Data Scientist,Envelop Risk,"Bristol, UK",https://stackoverflow.com/jobs/364981
Embedded Software Developer (m/f/d) Defense (Ref.-Nr.: 2020-1043),Philotech Group,"Hamburg, Germany",https://stackoverflow.com/jobs/364977
Chapter Lead - Full Stack Dev Engineer - Global Digital Channels,ING,"Amsterdam, Netherlands",https://stackoverflow.com/jobs/353206
Site Reliability Engineer,Indeed,"Dublin, Ireland",https://stackoverflow.com/jobs/358929
IT Dev Engineer - Finance and Risk domain,ING,"Amsterdam, Netherlands",https://stackoverflow.com/jobs/371344
IT Ops Engineer - Digital Channels,ING,"Amsterdam, Netherlands",https://stackoverflow.com/jobs/313101
Security Engineer @ Yolt,ING,"Amsterdam, Netherlands",https://stackoverflow.com/jobs/341596
DevOps Engineer,Kolonial.no AS,"Oslo, Norway",https://stackoverflow.com/jobs/321193
Digital Technology Engineer,IKEA,"Älmhult, Sweden",https://stackoverflow.com/jobs/364895
"Working-Student/Internship Full Stack Developer (JavaScript,Node.js) (m/f/d)",Limehome GmbH,"München, Germany",https://stackoverflow.com/jobs/238583
Full Stack Software Engineer (Vue.js & Django) (m/f/d),Limehome GmbH,"München, Germany",https://stackoverflow.com/jobs/238532
Full Stack Developer,McKinsey & Company,"London, UK",https://stackoverflow.com/jobs/283323
Cloud Platform Engineer,CIRC,"Berlin, Germany",https://stackoverflow.com/jobs/260368
Full-Stack Developer,Sentri,"Coimbatore, India",https://stackoverflow.com/jobs/352011
Developer – Python,Ignite Solutions,"Pune, India",https://stackoverflow.com/jobs/351961
Full Stack Developer with IOT Platform For Bangalore Location,Globex Digital Solutions,"Bengaluru, India",https://stackoverflow.com/jobs/351952
Data Integration Architect (f/m/d),envelio GmbH,"Köln, Deutschland",https://stackoverflow.com/jobs/374066
Backend Software Engineer - Python (m/f/d) for Smart Grid Startup,envelio GmbH,"Köln, Germany",https://stackoverflow.com/jobs/245508
Rapid Prototyping Developer (f/m/d),envelio GmbH,"Köln, Deutschland",https://stackoverflow.com/jobs/374064
DevOps Engineer,Alpiq,"Olten, Switzerland",https://stackoverflow.com/jobs/374231
Tapasztalt Python fejlesztőt keresünk R&D projektre,Blackbelt Technology,"Budapest, Hungary",https://stackoverflow.com/jobs/374230
Senior Machine Learning Engineer,Nubank,"São Paulo, Brazil",https://stackoverflow.com/jobs/336916
Machine Learning Engineer,Nubank,"Mexico City, Mexico",https://stackoverflow.com/jobs/371607
システムエンジニア,株式会社ライトカフェ,"Osaka, Japan",https://stackoverflow.com/jobs/341469
テクニカルディレクター(メディアアートプログラマー),株式会社ネイキッド,"Shibuya City, Japan",https://stackoverflow.com/jobs/341461
メディアアートプログラマー,株式会社ネイキッド,"Shibuya City, Japan",https://stackoverflow.com/jobs/341460
Cloud Native Engineer,Container Solutions,"Berlin, Germany",https://stackoverflow.com/jobs/174636
Cloud Native Engineer,Container Solutions,"Montreal, QC, Canada",https://stackoverflow.com/jobs/246387
Webアプリケーションエンジニア / インターネット/Webサービス・ASP,株式会社 クラビス,"Chiyoda City, Japan",https://stackoverflow.com/jobs/357580
データサイエンティスト/データエンジニア / 経営/ビジネスコンサルティング・シンクタンク,エクスチュア 株式会社,"Shibuya City, Japan",https://stackoverflow.com/jobs/310069
サーバーサイドエンジニア / LINEモバイル,LINE株式会社,"Shinjuku City, Japan",https://stackoverflow.com/jobs/364874
C++ / Qt-Developer (m|w|d),Sensovation AG,"Radolfzell am Bodensee, Deutschland",https://stackoverflow.com/jobs/290081
ネットワークエンジニア・サーバー設計,株式会社ミッションアシスト,"Osaka, Japan",https://stackoverflow.com/jobs/364864
Data Scientist - Entry Level,None,Remote,https://www.indeed.com/jobs?q=python&limit=50&vjk=602196c5ea2f32da
Jr. Python developer,None,"Frisco, TX",https://www.indeed.com/jobs?q=python&limit=50&vjk=7d956d35ccf949e0
Game Mathematician,None,Remote,https://www.indeed.com/jobs?q=python&limit=50&vjk=1dabd6a63037f420
Software Engineer - Python/Django (Remote),drchrono,Remote,https://www.indeed.com/jobs?q=python&limit=50&vjk=c1ec2e8c70f040ba
Data Scientist (Python),Applied Memetics LLC,Remote,https://www.indeed.com/jobs?q=python&limit=50&vjk=0f16c57e35f21a63
Python Developer Intern,None,"Ruby, SC",https://www.indeed.com/jobs?q=python&limit=50&vjk=84a541c104b5b24c
Back End Developer (Python),None,"Research Triangle Park, NC",https://www.indeed.com/jobs?q=python&limit=50&vjk=7234b54ae614c7bf
Python Developer - Remote,Piper Companies,Remote,https://www.indeed.com/jobs?q=python&limit=50&vjk=a428e94dddb5d31c
Content Contributor: Python and Flask,Codecademy,Remote,https://www.indeed.com/jobs?q=python&limit=50&vjk=eeeeaca1d923b164
"Software Developer - Python, Linux, Shell Scripting (Work Remotely)",Capgemini,United States,https://www.indeed.com/jobs?q=python&limit=50&vjk=a05598cc23ccac06
Computer Vision/Machine Learning Engineer,None,Remote,https://www.indeed.com/jobs?q=python&limit=50&vjk=8a805dac676f1cf9
DevOps engineer,None,Remote,https://www.indeed.com/jobs?q=python&limit=50&vjk=1ac9cd9becb09922
Aquatic Ecologist/Analyst,Tetra Tech,"Montpelier, VT",https://www.indeed.com/jobs?q=python&limit=50&vjk=19d3eda6b13712b2
Quality Assurance,Core,Remote,https://www.indeed.com/jobs?q=python&limit=50&vjk=08fcbe087be41dd1
Python Developer,None,"Long Beach, CA",https://www.indeed.com/jobs?q=python&limit=50&vjk=baf6092a3109b20d
"Systems Administrator (Remote, United States)",None,Remote,https://www.indeed.com/jobs?q=python&limit=50&vjk=090c0b58caa4733f
Python and Hadoop Developer,JPMorgan Chase & Co-PL,"Westerville, OH",https://www.indeed.com/jobs?q=python&limit=50&vjk=fe0e3740ed512d05
Python Scripting-Developer,Wipro Limited,"Palo Alto, CA",https://www.indeed.com/jobs?q=python&limit=50&vjk=5f8d1ce245ba6f98
Fullstack Software Engineer II - Python,HEB,"San Antonio, TX",https://www.indeed.com/jobs?q=python&limit=50&vjk=3ecaa4baec0e856f
Modeler,Walt Disney Animation Studios,"Burbank, CA",https://www.indeed.com/jobs?q=python&limit=50&vjk=7d1eb97edd2e5553
